title,company,location,posted_date,skills,city
Senior Python Developer,"Payne, Roberts and Davis","Stewartbury, AA",2021-04-08,Python,Stewartbury
Energy engineer,Vasquez-Davidson,"Christopherville, AA",2021-04-08,,Christopherville
Legal executive,"Jackson, Chambers and Levy","Port Ericaburgh, AA",2021-04-08,,Port Ericaburgh
Fitness centre manager,Savage-Bradley,"East Seanview, AP",2021-04-08,,East Seanview
Product manager,Ramirez Inc,"North Jamieview, AP",2021-04-08,,North Jamieview
Medical technical officer,Rogers-Yates,"Davidville, AP",2021-04-08,,Davidville
Physiological scientist,Kramer-Klein,"South Christopher, AE",2021-04-08,,South Christopher
Textile designer,Meyers-Johnson,"Port Jonathan, AE",2021-04-08,,Port Jonathan
Television floor manager,Hughes-Williams,"Osbornetown, AE",2021-04-08,,Osbornetown
Waste management officer,"Jones, Williams and Villa","Scotttown, AP",2021-04-08,,Scotttown
Software Engineer (Python),Garcia PLC,"Ericberg, AE",2021-04-08,Python,Ericberg
Interpreter,Gregory and Sons,"Ramireztown, AE",2021-04-08,,Ramireztown
Architect,"Clark, Garcia and Sosa","Figueroaview, AA",2021-04-08,,Figueroaview
Meteorologist,Bush PLC,"Kelseystad, AA",2021-04-08,,Kelseystad
Audiological scientist,Salazar-Meyers,"Williamsburgh, AE",2021-04-08,,Williamsburgh
English as a second language teacher,"Parker, Murphy and Brooks","Mitchellburgh, AE",2021-04-08,,Mitchellburgh
Surgeon,Cruz-Brown,"West Jessicabury, AA",2021-04-08,,West Jessicabury
Equities trader,Macdonald-Ferguson,"Maloneshire, AE",2021-04-08,,Maloneshire
Newspaper journalist,"Williams, Peterson and Rojas","Johnsonton, AA",2021-04-08,,Johnsonton
Materials engineer,Smith and Sons,"South Davidtown, AP",2021-04-08,,South Davidtown
Python Programmer (Entry-Level),"Moss, Duncan and Allen","Port Sara, AE",2021-04-08,Python,Port Sara
Product/process development scientist,Gomez-Carroll,"Marktown, AA",2021-04-08,,Marktown
"Scientist, research (maths)","Manning, Welch and Herring","Laurenland, AE",2021-04-08,,Laurenland
Ecologist,"Lee, Gutierrez and Brown","Lauraton, AP",2021-04-08,,Lauraton
Materials engineer,"Davis, Serrano and Cook","South Tammyberg, AP",2021-04-08,,South Tammyberg
Historic buildings inspector/conservation officer,Smith LLC,"North Brandonville, AP",2021-04-08,,North Brandonville
Data scientist,Thomas Group,"Port Robertfurt, AA",2021-04-08,,Port Robertfurt
Psychiatrist,Silva-King,"Burnettbury, AE",2021-04-08,,Burnettbury
Structural engineer,Pierce-Long,"Herbertside, AA",2021-04-08,,Herbertside
Immigration officer,Walker-Simpson,"Christopherport, AP",2021-04-08,,Christopherport
Python Programmer (Entry-Level),Cooper and Sons,"West Victor, AE",2021-04-08,Python,West Victor
Neurosurgeon,"Donovan, Gonzalez and Figueroa","Port Aaron, AP",2021-04-08,,Port Aaron
Broadcast engineer,"Morgan, Butler and Bennett","Loribury, AA",2021-04-08,,Loribury
Make,Snyder-Lee,"Angelastad, AP",2021-04-08,,Angelastad
"Nurse, adult",Harris PLC,"Larrytown, AE",2021-04-08,,Larrytown
Air broker,Washington PLC,"West Colin, AP",2021-04-08,,West Colin
"Editor, film/video","Brown, Price and Campbell","West Stephanie, AP",2021-04-08,,West Stephanie
"Production assistant, radio",Mcgee PLC,"Laurentown, AP",2021-04-08,,Laurentown
"Engineer, communications",Dixon Inc,"Wrightberg, AP",2021-04-08,,Wrightberg
Sales executive,"Thompson, Sheppard and Ward","Alberttown, AE",2021-04-08,,Alberttown
Software Developer (Python),Adams-Brewer,"Brockburgh, AE",2021-04-08,Python,Brockburgh
Futures trader,Schneider-Brady,"North Jason, AE",2021-04-08,,North Jason
Tour manager,Gonzales-Frank,"Arnoldhaven, AE",2021-04-08,,Arnoldhaven
Cytogeneticist,Smith-Wong,"Lake Destiny, AP",2021-04-08,,Lake Destiny
"Designer, multimedia",Pierce-Herrera,"South Timothyburgh, AP",2021-04-08,,South Timothyburgh
Trade union research officer,"Aguilar, Rivera and Quinn","New Jimmyton, AE",2021-04-08,,New Jimmyton
"Chemist, analytical","Lowe, Barnes and Thomas","New Lucasbury, AP",2021-04-08,,New Lucasbury
"Programmer, multimedia","Lewis, Gonzalez and Vasquez","Port Cory, AE",2021-04-08,,Port Cory
"Engineer, broadcasting (operations)",Taylor PLC,"Gileston, AA",2021-04-08,,Gileston
"Teacher, primary school","Oliver, Jones and Ramirez","Cindyshire, AA",2021-04-08,,Cindyshire
Python Developer,Rivera and Sons,"East Michaelfort, AA",2021-04-08,Python,East Michaelfort
Manufacturing systems engineer,Garcia PLC,"Joybury, AE",2021-04-08,,Joybury
"Producer, television/film/video","Johnson, Wells and Kramer","Emmatown, AE",2021-04-08,,Emmatown
"Scientist, forensic",Gonzalez LLC,"Colehaven, AP",2021-04-08,,Colehaven
Bonds trader,"Morgan, White and Macdonald","Port Coryton, AE",2021-04-08,,Port Coryton
Editorial assistant,Robinson-Fitzpatrick,"Amyborough, AA",2021-04-08,,Amyborough
Photographer,"Waters, Wilson and Hoover","Reynoldsville, AA",2021-04-08,,Reynoldsville
Retail banker,Hill LLC,"Port Billy, AP",2021-04-08,,Port Billy
Jewellery designer,Li-Gregory,"Adamburgh, AA",2021-04-08,,Adamburgh
Ophthalmologist,"Fisher, Ryan and Coleman","Wilsonmouth, AA",2021-04-08,,Wilsonmouth
"Back-End Web Developer (Python, Django)",Stewart-Alexander,"South Kimberly, AA",2021-04-08,"Django, Python",South Kimberly
Licensed conveyancer,Abbott and Sons,"Benjaminland, AP",2021-04-08,,Benjaminland
Futures trader,"Bryant, Santana and Davenport","Zacharyport, AA",2021-04-08,,Zacharyport
Counselling psychologist,Smith PLC,"Port Devonville, AE",2021-04-08,,Port Devonville
Insurance underwriter,Patterson-Singh,"East Thomas, AE",2021-04-08,,East Thomas
"Engineer, automotive",Martinez-Berry,"New Jeffrey, AP",2021-04-08,,New Jeffrey
"Producer, radio","May, Taylor and Fisher","Davidside, AA",2021-04-08,,Davidside
Dispensing optician,"Bailey, Owen and Thompson","Jamesville, AA",2021-04-08,,Jamesville
"Designer, fashion/clothing",Vasquez Ltd,"New Kelly, AP",2021-04-08,,New Kelly
Chartered loss adjuster,Leblanc LLC,"Lake Antonio, AA",2021-04-08,,Lake Antonio
"Back-End Web Developer (Python, Django)","Jackson, Ali and Mckee","New Elizabethside, AA",2021-04-08,"Django, Python",New Elizabethside
Forest/woodland manager,"Blankenship, Knight and Powell","Millsbury, AE",2021-04-08,,Millsbury
Clinical cytogeneticist,"Patton, Haynes and Jones","Lloydton, AP",2021-04-08,,Lloydton
Print production planner,Wood Inc,"Port Jeremy, AA",2021-04-08,,Port Jeremy
Systems developer,Collins Group,"New Elizabethtown, AA",2021-04-08,,New Elizabethtown
Graphic designer,Flores-Nelson,"Charlesstad, AE",2021-04-08,,Charlesstad
Writer,"Mitchell, Jones and Olson","Josephbury, AE",2021-04-08,,Josephbury
Field seismologist,Howard Group,"Seanfurt, AA",2021-04-08,,Seanfurt
Chief Strategy Officer,Kramer-Edwards,"Williambury, AA",2021-04-08,,Williambury
Air cabin crew,Berry-Houston,"South Jorgeside, AP",2021-04-08,,South Jorgeside
Python Programmer (Entry-Level),Mathews Inc,"Robertborough, AP",2021-04-08,Python,Robertborough
Warden/ranger,Riley-Johnson,"South Saratown, AP",2021-04-08,,South Saratown
Sports therapist,Spencer and Sons,"Hullview, AA",2021-04-08,,Hullview
Arts development officer,Camacho-Sanchez,"Philipland, AP",2021-04-08,,Philipland
Printmaker,Oliver and Sons,"North Patty, AE",2021-04-08,,North Patty
Health and safety adviser,Eaton PLC,"North Stephen, AE",2021-04-08,,North Stephen
Manufacturing systems engineer,Stanley-Frederick,"Stevensland, AP",2021-04-08,,Stevensland
"Programmer, applications",Bradley LLC,"Reyesstad, AE",2021-04-08,,Reyesstad
Medical physicist,"Parker, Goodwin and Zavala","Bellberg, AP",2021-04-08,,Bellberg
Media planner,Kim-Miles,"North Johnland, AE",2021-04-08,,North Johnland
Software Developer (Python),Moreno-Rodriguez,"Martinezburgh, AE",2021-04-08,Python,Martinezburgh
"Surveyor, land/geomatics",Brown-Ortiz,"Joshuatown, AE",2021-04-08,,Joshuatown
Legal executive,Hartman PLC,"West Ericstad, AA",2021-04-08,,West Ericstad
"Librarian, academic",Brooks Inc,"Tuckertown, AE",2021-04-08,,Tuckertown
Barrister,Washington-Castillo,"Perezton, AE",2021-04-08,,Perezton
Museum/gallery exhibitions officer,"Nguyen, Yoder and Petty","Lake Abigail, AE",2021-04-08,,Lake Abigail
"Radiographer, diagnostic",Holder LLC,"Jacobshire, AP",2021-04-08,,Jacobshire
Database administrator,Yates-Ferguson,"Port Susan, AE",2021-04-08,,Port Susan
Furniture designer,Ortega-Lawrence,"North Tiffany, AA",2021-04-08,,North Tiffany
Ship broker,"Fuentes, Walls and Castro","Michelleville, AP",2021-04-08,,Michelleville
